[
    {
        "model": "admin.logentry",
        "pk": 1,
        "fields": {
            "action_time": "2026-03-05T09:15:51.722Z",
            "user": 1,
            "content_type": 7,
            "object_id": "7",
            "object_repr": "Epické zadání",
            "action_flag": 2,
            "change_message": "[{\"changed\": {\"fields\": [\"Description\"]}}]"
        }
    },
    {
        "model": "admin.logentry",
        "pk": 2,
        "fields": {
            "action_time": "2026-03-05T09:18:39.370Z",
            "user": 1,
            "content_type": 7,
            "object_id": "7",
            "object_repr": "Epické zadání",
            "action_flag": 2,
            "change_message": "[{\"changed\": {\"fields\": [\"Description\"]}}]"
        }
    },
    {
        "model": "admin.logentry",
        "pk": 3,
        "fields": {
            "action_time": "2026-03-05T09:19:37.001Z",
            "user": 1,
            "content_type": 7,
            "object_id": "7",
            "object_repr": "Epické zadání",
            "action_flag": 2,
            "change_message": "[{\"changed\": {\"fields\": [\"Description\"]}}]"
        }
    },
    {
        "model": "admin.logentry",
        "pk": 4,
        "fields": {
            "action_time": "2026-03-05T09:22:33.643Z",
            "user": 1,
            "content_type": 7,
            "object_id": "7",
            "object_repr": "Epické zadání",
            "action_flag": 2,
            "change_message": "[{\"changed\": {\"fields\": [\"Description\"]}}]"
        }
    },
    {
        "model": "admin.logentry",
        "pk": 5,
        "fields": {
            "action_time": "2026-03-05T09:24:02.441Z",
            "user": 1,
            "content_type": 12,
            "object_id": "1",
            "object_repr": "Petr Pavel",
            "action_flag": 2,
            "change_message": "[{\"changed\": {\"fields\": [\"First name\", \"Surname\", \"Tel\"]}}]"
        }
    },
    {
        "model": "admin.logentry",
        "pk": 6,
        "fields": {
            "action_time": "2026-03-05T12:21:06.048Z",
            "user": 1,
            "content_type": 14,
            "object_id": "1",
            "object_repr": "USU_prednasky_komplet.txt",
            "action_flag": 3,
            "change_message": ""
        }
    },
    {
        "model": "admin.logentry",
        "pk": 7,
        "fields": {
            "action_time": "2026-03-05T13:08:48.572Z",
            "user": 1,
            "content_type": 14,
            "object_id": "2",
            "object_repr": "USU_prednasky_komplet.txt",
            "action_flag": 3,
            "change_message": ""
        }
    },
    {
        "model": "admin.logentry",
        "pk": 8,
        "fields": {
            "action_time": "2026-03-05T13:09:17.227Z",
            "user": 1,
            "content_type": 14,
            "object_id": "3",
            "object_repr": "USU_prednasky_komplet.txt",
            "action_flag": 1,
            "change_message": "[{\"added\": {}}]"
        }
    },
    {
        "model": "admin.logentry",
        "pk": 9,
        "fields": {
            "action_time": "2026-03-05T13:09:20.294Z",
            "user": 1,
            "content_type": 7,
            "object_id": "12",
            "object_repr": "Soubory thingy",
            "action_flag": 2,
            "change_message": "[{\"changed\": {\"fields\": [\"Files\"]}}]"
        }
    },
    {
        "model": "admin.logentry",
        "pk": 10,
        "fields": {
            "action_time": "2026-03-05T13:12:47.515Z",
            "user": 1,
            "content_type": 14,
            "object_id": "3",
            "object_repr": "USU_prednasky_komplet.txt",
            "action_flag": 3,
            "change_message": ""
        }
    },
    {
        "model": "admin.logentry",
        "pk": 11,
        "fields": {
            "action_time": "2026-03-05T13:20:11.720Z",
            "user": 1,
            "content_type": 14,
            "object_id": "4",
            "object_repr": "USU_prednasky_komplet_6jh8OtN.txt",
            "action_flag": 3,
            "change_message": ""
        }
    },
    {
        "model": "admin.logentry",
        "pk": 12,
        "fields": {
            "action_time": "2026-03-05T13:21:13.164Z",
            "user": 1,
            "content_type": 14,
            "object_id": "7",
            "object_repr": "destroyer.png",
            "action_flag": 3,
            "change_message": ""
        }
    },
    {
        "model": "admin.logentry",
        "pk": 13,
        "fields": {
            "action_time": "2026-03-05T13:21:13.164Z",
            "user": 1,
            "content_type": 14,
            "object_id": "6",
            "object_repr": "moon-oop_planet.ipynb",
            "action_flag": 3,
            "change_message": ""
        }
    },
    {
        "model": "admin.logentry",
        "pk": 14,
        "fields": {
            "action_time": "2026-03-05T13:21:13.164Z",
            "user": 1,
            "content_type": 14,
            "object_id": "5",
            "object_repr": "USU_prednasky_komplet.txt",
            "action_flag": 3,
            "change_message": ""
        }
    },
    {
        "model": "admin.logentry",
        "pk": 15,
        "fields": {
            "action_time": "2026-03-06T12:53:58.870Z",
            "user": 1,
            "content_type": 7,
            "object_id": "5",
            "object_repr": "Zadání 5",
            "action_flag": 2,
            "change_message": "[{\"changed\": {\"fields\": [\"Description\"]}}]"
        }
    },
    {
        "model": "admin.logentry",
        "pk": 16,
        "fields": {
            "action_time": "2026-03-13T09:39:38.697Z",
            "user": 1,
            "content_type": 12,
            "object_id": "1",
            "object_repr": "Petr Pavel",
            "action_flag": 2,
            "change_message": "[{\"changed\": {\"fields\": [\"password\"]}}]"
        }
    },
    {
        "model": "admin.logentry",
        "pk": 17,
        "fields": {
            "action_time": "2026-03-13T09:40:42.631Z",
            "user": 1,
            "content_type": 7,
            "object_id": "15",
            "object_repr": "m",
            "action_flag": 2,
            "change_message": "[{\"changed\": {\"fields\": [\"Term\\u00edn odevzd\\u00e1n\\u00ed\"]}}]"
        }
    },
    {
        "model": "admin.logentry",
        "pk": 18,
        "fields": {
            "action_time": "2026-03-13T09:40:50.889Z",
            "user": 1,
            "content_type": 7,
            "object_id": "15",
            "object_repr": "zkušební zadání",
            "action_flag": 2,
            "change_message": "[{\"changed\": {\"fields\": [\"Titulek zad\\u00e1n\\u00ed\"]}}]"
        }
    },
    {
        "model": "admin.logentry",
        "pk": 19,
        "fields": {
            "action_time": "2026-03-16T16:35:27.309Z",
            "user": 1,
            "content_type": 15,
            "object_id": "1",
            "object_repr": "NewsPost object (1)",
            "action_flag": 1,
            "change_message": "[{\"added\": {}}]"
        }
    },
    {
        "model": "admin.logentry",
        "pk": 20,
        "fields": {
            "action_time": "2026-03-18T16:57:38.294Z",
            "user": 1,
            "content_type": 10,
            "object_id": "29",
            "object_repr": "HomeworkStudentComment object (29)",
            "action_flag": 3,
            "change_message": ""
        }
    },
    {
        "model": "admin.logentry",
        "pk": 21,
        "fields": {
            "action_time": "2026-03-18T16:57:38.294Z",
            "user": 1,
            "content_type": 10,
            "object_id": "28",
            "object_repr": "HomeworkStudentComment object (28)",
            "action_flag": 3,
            "change_message": ""
        }
    },
    {
        "model": "admin.logentry",
        "pk": 22,
        "fields": {
            "action_time": "2026-03-18T16:57:38.294Z",
            "user": 1,
            "content_type": 10,
            "object_id": "27",
            "object_repr": "HomeworkStudentComment object (27)",
            "action_flag": 3,
            "change_message": ""
        }
    },
    {
        "model": "admin.logentry",
        "pk": 23,
        "fields": {
            "action_time": "2026-03-18T16:57:38.294Z",
            "user": 1,
            "content_type": 10,
            "object_id": "26",
            "object_repr": "HomeworkStudentComment object (26)",
            "action_flag": 3,
            "change_message": ""
        }
    },
    {
        "model": "admin.logentry",
        "pk": 24,
        "fields": {
            "action_time": "2026-03-18T16:57:38.294Z",
            "user": 1,
            "content_type": 10,
            "object_id": "25",
            "object_repr": "HomeworkStudentComment object (25)",
            "action_flag": 3,
            "change_message": ""
        }
    },
    {
        "model": "admin.logentry",
        "pk": 25,
        "fields": {
            "action_time": "2026-03-18T16:57:38.294Z",
            "user": 1,
            "content_type": 10,
            "object_id": "24",
            "object_repr": "HomeworkStudentComment object (24)",
            "action_flag": 3,
            "change_message": ""
        }
    },
    {
        "model": "admin.logentry",
        "pk": 26,
        "fields": {
            "action_time": "2026-03-18T16:57:38.294Z",
            "user": 1,
            "content_type": 10,
            "object_id": "23",
            "object_repr": "HomeworkStudentComment object (23)",
            "action_flag": 3,
            "change_message": ""
        }
    },
    {
        "model": "admin.logentry",
        "pk": 27,
        "fields": {
            "action_time": "2026-03-18T16:57:38.294Z",
            "user": 1,
            "content_type": 10,
            "object_id": "22",
            "object_repr": "HomeworkStudentComment object (22)",
            "action_flag": 3,
            "change_message": ""
        }
    },
    {
        "model": "admin.logentry",
        "pk": 28,
        "fields": {
            "action_time": "2026-03-18T16:57:38.294Z",
            "user": 1,
            "content_type": 10,
            "object_id": "21",
            "object_repr": "HomeworkStudentComment object (21)",
            "action_flag": 3,
            "change_message": ""
        }
    },
    {
        "model": "admin.logentry",
        "pk": 29,
        "fields": {
            "action_time": "2026-03-24T10:25:31.910Z",
            "user": 1,
            "content_type": 7,
            "object_id": "18",
            "object_repr": "zkusíme markdown",
            "action_flag": 2,
            "change_message": "[{\"changed\": {\"fields\": [\"Term\\u00edn odevzd\\u00e1n\\u00ed\"]}}]"
        }
    },
    {
        "model": "admin.logentry",
        "pk": 30,
        "fields": {
            "action_time": "2026-03-25T16:13:38.047Z",
            "user": 1,
            "content_type": 7,
            "object_id": "19",
            "object_repr": "zkušební zadání",
            "action_flag": 2,
            "change_message": "[{\"changed\": {\"fields\": [\"Zve\\u0159ejn\\u011bn\\u00ed\", \"Term\\u00edn odevzd\\u00e1n\\u00ed\"]}}]"
        }
    },
    {
        "model": "admin.logentry",
        "pk": 31,
        "fields": {
            "action_time": "2026-03-25T16:29:42.799Z",
            "user": 1,
            "content_type": 7,
            "object_id": "19",
            "object_repr": "zkušební zadání",
            "action_flag": 2,
            "change_message": "[{\"changed\": {\"fields\": [\"Term\\u00edn odevzd\\u00e1n\\u00ed\"]}}]"
        }
    },
    {
        "model": "admin.logentry",
        "pk": 32,
        "fields": {
            "action_time": "2026-04-07T07:24:49.974Z",
            "user": 1,
            "content_type": 7,
            "object_id": "20",
            "object_repr": "Datum zadání",
            "action_flag": 2,
            "change_message": "[{\"changed\": {\"fields\": [\"Zve\\u0159ejn\\u011bn\\u00ed\"]}}]"
        }
    },
    {
        "model": "admin.logentry",
        "pk": 33,
        "fields": {
            "action_time": "2026-05-23T08:49:51.326Z",
            "user": 1,
            "content_type": 7,
            "object_id": "24",
            "object_repr": "smažusoubory",
            "action_flag": 2,
            "change_message": "[{\"changed\": {\"fields\": [\"Term\\u00edn odevzd\\u00e1n\\u00ed\"]}}]"
        }
    },
    {
        "model": "admin.logentry",
        "pk": 34,
        "fields": {
            "action_time": "2026-05-23T11:14:50.147Z",
            "user": 1,
            "content_type": 6,
            "object_id": "4",
            "object_repr": "ZPRO-2026",
            "action_flag": 1,
            "change_message": "[{\"added\": {}}]"
        }
    },
    {
        "model": "admin.logentry",
        "pk": 35,
        "fields": {
            "action_time": "2026-05-23T11:15:26.396Z",
            "user": 1,
            "content_type": 12,
            "object_id": "4",
            "object_repr": "Kopřimil Zelenř",
            "action_flag": 2,
            "change_message": "[{\"added\": {\"name\": \"P\\u0159i\\u0159azen\\u00ed role k p\\u0159edm\\u011btu\", \"object\": \"teacher - ZPRO-2026 (teacher)\"}}]"
        }
    },
    {
        "model": "admin.logentry",
        "pk": 36,
        "fields": {
            "action_time": "2026-05-23T11:15:53.743Z",
            "user": 1,
            "content_type": 12,
            "object_id": "2",
            "object_repr": "Zbyněk Věřil",
            "action_flag": 2,
            "change_message": "[{\"added\": {\"name\": \"P\\u0159i\\u0159azen\\u00ed role k p\\u0159edm\\u011btu\", \"object\": \"student1 - ZPRO-2026 (student)\"}}]"
        }
    },
    {
        "model": "admin.logentry",
        "pk": 37,
        "fields": {
            "action_time": "2026-05-23T11:16:03.906Z",
            "user": 1,
            "content_type": 12,
            "object_id": "3",
            "object_repr": "Vlastimil Plamínek",
            "action_flag": 2,
            "change_message": "[{\"added\": {\"name\": \"P\\u0159i\\u0159azen\\u00ed role k p\\u0159edm\\u011btu\", \"object\": \"student2 - ZPRO-2026 (student)\"}}]"
        }
    },
    {
        "model": "admin.logentry",
        "pk": 38,
        "fields": {
            "action_time": "2026-05-23T11:16:16.343Z",
            "user": 1,
            "content_type": 12,
            "object_id": "5",
            "object_repr": "Ruslanidze Gulievshili",
            "action_flag": 2,
            "change_message": "[{\"added\": {\"name\": \"P\\u0159i\\u0159azen\\u00ed role k p\\u0159edm\\u011btu\", \"object\": \"student3 - ZPRO-2026 (student)\"}}]"
        }
    },
    {
        "model": "admin.logentry",
        "pk": 39,
        "fields": {
            "action_time": "2026-05-23T11:16:59.656Z",
            "user": 1,
            "content_type": 7,
            "object_id": "25",
            "object_repr": "zpro ukol",
            "action_flag": 1,
            "change_message": "[{\"added\": {}}]"
        }
    },
    {
        "model": "admin.logentry",
        "pk": 40,
        "fields": {
            "action_time": "2026-05-23T11:17:30.090Z",
            "user": 1,
            "content_type": 8,
            "object_id": "32",
            "object_repr": "Zbyněk Věřil-zpro ukol",
            "action_flag": 1,
            "change_message": "[{\"added\": {}}]"
        }
    },
    {
        "model": "admin.logentry",
        "pk": 41,
        "fields": {
            "action_time": "2026-05-23T11:17:41.209Z",
            "user": 1,
            "content_type": 8,
            "object_id": "33",
            "object_repr": "Vlastimil Plamínek-zpro ukol",
            "action_flag": 1,
            "change_message": "[{\"added\": {}}]"
        }
    },
    {
        "model": "admin.logentry",
        "pk": 42,
        "fields": {
            "action_time": "2026-05-23T11:17:50.140Z",
            "user": 1,
            "content_type": 8,
            "object_id": "34",
            "object_repr": "Ruslanidze Gulievshili-zpro ukol",
            "action_flag": 1,
            "change_message": "[{\"added\": {}}]"
        }
    },
    {
        "model": "admin.logentry",
        "pk": 43,
        "fields": {
            "action_time": "2026-05-23T11:18:20.969Z",
            "user": 1,
            "content_type": 9,
            "object_id": "26",
            "object_repr": "homework-Zbyněk Věřil-zpro ukol",
            "action_flag": 1,
            "change_message": "[{\"added\": {}}]"
        }
    },
    {
        "model": "admin.logentry",
        "pk": 44,
        "fields": {
            "action_time": "2026-05-23T11:18:29.504Z",
            "user": 1,
            "content_type": 9,
            "object_id": "27",
            "object_repr": "homework-Vlastimil Plamínek-zpro ukol",
            "action_flag": 1,
            "change_message": "[{\"added\": {}}]"
        }
    },
    {
        "model": "admin.logentry",
        "pk": 45,
        "fields": {
            "action_time": "2026-05-23T11:18:37.215Z",
            "user": 1,
            "content_type": 9,
            "object_id": "28",
            "object_repr": "homework-Ruslanidze Gulievshili-zpro ukol",
            "action_flag": 1,
            "change_message": "[{\"added\": {}}]"
        }
    },
    {
        "model": "admin.logentry",
        "pk": 46,
        "fields": {
            "action_time": "2026-05-23T11:18:57.105Z",
            "user": 1,
            "content_type": 7,
            "object_id": "25",
            "object_repr": "zpro ukol",
            "action_flag": 2,
            "change_message": "[{\"changed\": {\"fields\": [\"Term\\u00edn odevzd\\u00e1n\\u00ed\"]}}]"
        }
    },
    {
        "model": "admin.logentry",
        "pk": 47,
        "fields": {
            "action_time": "2026-05-23T11:28:42.618Z",
            "user": 1,
            "content_type": 11,
            "object_id": "15",
            "object_repr": "administrator - ZPRO-2026 (teacher)",
            "action_flag": 1,
            "change_message": "[{\"added\": {}}]"
        }
    },
    {
        "model": "auth.permission",
        "pk": 1,
        "fields": {
            "name": "Can add log entry",
            "content_type": 1,
            "codename": "add_logentry"
        }
    },
    {
        "model": "auth.permission",
        "pk": 2,
        "fields": {
            "name": "Can change log entry",
            "content_type": 1,
            "codename": "change_logentry"
        }
    },
    {
        "model": "auth.permission",
        "pk": 3,
        "fields": {
            "name": "Can delete log entry",
            "content_type": 1,
            "codename": "delete_logentry"
        }
    },
    {
        "model": "auth.permission",
        "pk": 4,
        "fields": {
            "name": "Can view log entry",
            "content_type": 1,
            "codename": "view_logentry"
        }
    },
    {
        "model": "auth.permission",
        "pk": 5,
        "fields": {
            "name": "Can add permission",
            "content_type": 2,
            "codename": "add_permission"
        }
    },
    {
        "model": "auth.permission",
        "pk": 6,
        "fields": {
            "name": "Can change permission",
            "content_type": 2,
            "codename": "change_permission"
        }
    },
    {
        "model": "auth.permission",
        "pk": 7,
        "fields": {
            "name": "Can delete permission",
            "content_type": 2,
            "codename": "delete_permission"
        }
    },
    {
        "model": "auth.permission",
        "pk": 8,
        "fields": {
            "name": "Can view permission",
            "content_type": 2,
            "codename": "view_permission"
        }
    },
    {
        "model": "auth.permission",
        "pk": 9,
        "fields": {
            "name": "Can add group",
            "content_type": 3,
            "codename": "add_group"
        }
    },
    {
        "model": "auth.permission",
        "pk": 10,
        "fields": {
            "name": "Can change group",
            "content_type": 3,
            "codename": "change_group"
        }
    },
    {
        "model": "auth.permission",
        "pk": 11,
        "fields": {
            "name": "Can delete group",
            "content_type": 3,
            "codename": "delete_group"
        }
    },
    {
        "model": "auth.permission",
        "pk": 12,
        "fields": {
            "name": "Can view group",
            "content_type": 3,
            "codename": "view_group"
        }
    },
    {
        "model": "auth.permission",
        "pk": 13,
        "fields": {
            "name": "Can add content type",
            "content_type": 4,
            "codename": "add_contenttype"
        }
    },
    {
        "model": "auth.permission",
        "pk": 14,
        "fields": {
            "name": "Can change content type",
            "content_type": 4,
            "codename": "change_contenttype"
        }
    },
    {
        "model": "auth.permission",
        "pk": 15,
        "fields": {
            "name": "Can delete content type",
            "content_type": 4,
            "codename": "delete_contenttype"
        }
    },
    {
        "model": "auth.permission",
        "pk": 16,
        "fields": {
            "name": "Can view content type",
            "content_type": 4,
            "codename": "view_contenttype"
        }
    },
    {
        "model": "auth.permission",
        "pk": 17,
        "fields": {
            "name": "Can add session",
            "content_type": 5,
            "codename": "add_session"
        }
    },
    {
        "model": "auth.permission",
        "pk": 18,
        "fields": {
            "name": "Can change session",
            "content_type": 5,
            "codename": "change_session"
        }
    },
    {
        "model": "auth.permission",
        "pk": 19,
        "fields": {
            "name": "Can delete session",
            "content_type": 5,
            "codename": "delete_session"
        }
    },
    {
        "model": "auth.permission",
        "pk": 20,
        "fields": {
            "name": "Can view session",
            "content_type": 5,
            "codename": "view_session"
        }
    },
    {
        "model": "auth.permission",
        "pk": 21,
        "fields": {
            "name": "Can add subject",
            "content_type": 6,
            "codename": "add_subject"
        }
    },
    {
        "model": "auth.permission",
        "pk": 22,
        "fields": {
            "name": "Can change subject",
            "content_type": 6,
            "codename": "change_subject"
        }
    },
    {
        "model": "auth.permission",
        "pk": 23,
        "fields": {
            "name": "Can delete subject",
            "content_type": 6,
            "codename": "delete_subject"
        }
    },
    {
        "model": "auth.permission",
        "pk": 24,
        "fields": {
            "name": "Can view subject",
            "content_type": 6,
            "codename": "view_subject"
        }
    },
    {
        "model": "auth.permission",
        "pk": 25,
        "fields": {
            "name": "Can add assignment",
            "content_type": 7,
            "codename": "add_assignment"
        }
    },
    {
        "model": "auth.permission",
        "pk": 26,
        "fields": {
            "name": "Can change assignment",
            "content_type": 7,
            "codename": "change_assignment"
        }
    },
    {
        "model": "auth.permission",
        "pk": 27,
        "fields": {
            "name": "Can delete assignment",
            "content_type": 7,
            "codename": "delete_assignment"
        }
    },
    {
        "model": "auth.permission",
        "pk": 28,
        "fields": {
            "name": "Can view assignment",
            "content_type": 7,
            "codename": "view_assignment"
        }
    },
    {
        "model": "auth.permission",
        "pk": 29,
        "fields": {
            "name": "Can add key",
            "content_type": 8,
            "codename": "add_key"
        }
    },
    {
        "model": "auth.permission",
        "pk": 30,
        "fields": {
            "name": "Can change key",
            "content_type": 8,
            "codename": "change_key"
        }
    },
    {
        "model": "auth.permission",
        "pk": 31,
        "fields": {
            "name": "Can delete key",
            "content_type": 8,
            "codename": "delete_key"
        }
    },
    {
        "model": "auth.permission",
        "pk": 32,
        "fields": {
            "name": "Can view key",
            "content_type": 8,
            "codename": "view_key"
        }
    },
    {
        "model": "auth.permission",
        "pk": 33,
        "fields": {
            "name": "Can add homework",
            "content_type": 9,
            "codename": "add_homework"
        }
    },
    {
        "model": "auth.permission",
        "pk": 34,
        "fields": {
            "name": "Can change homework",
            "content_type": 9,
            "codename": "change_homework"
        }
    },
    {
        "model": "auth.permission",
        "pk": 35,
        "fields": {
            "name": "Can delete homework",
            "content_type": 9,
            "codename": "delete_homework"
        }
    },
    {
        "model": "auth.permission",
        "pk": 36,
        "fields": {
            "name": "Can view homework",
            "content_type": 9,
            "codename": "view_homework"
        }
    },
    {
        "model": "auth.permission",
        "pk": 37,
        "fields": {
            "name": "Can add homework student comment",
            "content_type": 10,
            "codename": "add_homeworkstudentcomment"
        }
    },
    {
        "model": "auth.permission",
        "pk": 38,
        "fields": {
            "name": "Can change homework student comment",
            "content_type": 10,
            "codename": "change_homeworkstudentcomment"
        }
    },
    {
        "model": "auth.permission",
        "pk": 39,
        "fields": {
            "name": "Can delete homework student comment",
            "content_type": 10,
            "codename": "delete_homeworkstudentcomment"
        }
    },
    {
        "model": "auth.permission",
        "pk": 40,
        "fields": {
            "name": "Can view homework student comment",
            "content_type": 10,
            "codename": "view_homeworkstudentcomment"
        }
    },
    {
        "model": "auth.permission",
        "pk": 41,
        "fields": {
            "name": "Can add subject type",
            "content_type": 11,
            "codename": "add_subjecttype"
        }
    },
    {
        "model": "auth.permission",
        "pk": 42,
        "fields": {
            "name": "Can change subject type",
            "content_type": 11,
            "codename": "change_subjecttype"
        }
    },
    {
        "model": "auth.permission",
        "pk": 43,
        "fields": {
            "name": "Can delete subject type",
            "content_type": 11,
            "codename": "delete_subjecttype"
        }
    },
    {
        "model": "auth.permission",
        "pk": 44,
        "fields": {
            "name": "Can view subject type",
            "content_type": 11,
            "codename": "view_subjecttype"
        }
    },
    {
        "model": "auth.permission",
        "pk": 45,
        "fields": {
            "name": "Can add user",
            "content_type": 12,
            "codename": "add_customuser"
        }
    },
    {
        "model": "auth.permission",
        "pk": 46,
        "fields": {
            "name": "Can change user",
            "content_type": 12,
            "codename": "change_customuser"
        }
    },
    {
        "model": "auth.permission",
        "pk": 47,
        "fields": {
            "name": "Can delete user",
            "content_type": 12,
            "codename": "delete_customuser"
        }
    },
    {
        "model": "auth.permission",
        "pk": 48,
        "fields": {
            "name": "Can view user",
            "content_type": 12,
            "codename": "view_customuser"
        }
    },
    {
        "model": "auth.permission",
        "pk": 49,
        "fields": {
            "name": "Can add text file",
            "content_type": 13,
            "codename": "add_textfile"
        }
    },
    {
        "model": "auth.permission",
        "pk": 50,
        "fields": {
            "name": "Can change text file",
            "content_type": 13,
            "codename": "change_textfile"
        }
    },
    {
        "model": "auth.permission",
        "pk": 51,
        "fields": {
            "name": "Can delete text file",
            "content_type": 13,
            "codename": "delete_textfile"
        }
    },
    {
        "model": "auth.permission",
        "pk": 52,
        "fields": {
            "name": "Can view text file",
            "content_type": 13,
            "codename": "view_textfile"
        }
    },
    {
        "model": "auth.permission",
        "pk": 53,
        "fields": {
            "name": "Can add code file",
            "content_type": 14,
            "codename": "add_codefile"
        }
    },
    {
        "model": "auth.permission",
        "pk": 54,
        "fields": {
            "name": "Can change code file",
            "content_type": 14,
            "codename": "change_codefile"
        }
    },
    {
        "model": "auth.permission",
        "pk": 55,
        "fields": {
            "name": "Can delete code file",
            "content_type": 14,
            "codename": "delete_codefile"
        }
    },
    {
        "model": "auth.permission",
        "pk": 56,
        "fields": {
            "name": "Can view code file",
            "content_type": 14,
            "codename": "view_codefile"
        }
    },
    {
        "model": "auth.permission",
        "pk": 57,
        "fields": {
            "name": "Can add news post",
            "content_type": 15,
            "codename": "add_newspost"
        }
    },
    {
        "model": "auth.permission",
        "pk": 58,
        "fields": {
            "name": "Can change news post",
            "content_type": 15,
            "codename": "change_newspost"
        }
    },
    {
        "model": "auth.permission",
        "pk": 59,
        "fields": {
            "name": "Can delete news post",
            "content_type": 15,
            "codename": "delete_newspost"
        }
    },
    {
        "model": "auth.permission",
        "pk": 60,
        "fields": {
            "name": "Can view news post",
            "content_type": 15,
            "codename": "view_newspost"
        }
    },
    {
        "model": "contenttypes.contenttype",
        "pk": 1,
        "fields": {
            "app_label": "admin",
            "model": "logentry"
        }
    },
    {
        "model": "contenttypes.contenttype",
        "pk": 2,
        "fields": {
            "app_label": "auth",
            "model": "permission"
        }
    },
    {
        "model": "contenttypes.contenttype",
        "pk": 3,
        "fields": {
            "app_label": "auth",
            "model": "group"
        }
    },
    {
        "model": "contenttypes.contenttype",
        "pk": 4,
        "fields": {
            "app_label": "contenttypes",
            "model": "contenttype"
        }
    },
    {
        "model": "contenttypes.contenttype",
        "pk": 5,
        "fields": {
            "app_label": "sessions",
            "model": "session"
        }
    },
    {
        "model": "contenttypes.contenttype",
        "pk": 6,
        "fields": {
            "app_label": "hw",
            "model": "subject"
        }
    },
    {
        "model": "contenttypes.contenttype",
        "pk": 7,
        "fields": {
            "app_label": "hw",
            "model": "assignment"
        }
    },
    {
        "model": "contenttypes.contenttype",
        "pk": 8,
        "fields": {
            "app_label": "hw",
            "model": "key"
        }
    },
    {
        "model": "contenttypes.contenttype",
        "pk": 9,
        "fields": {
            "app_label": "hw",
            "model": "homework"
        }
    },
    {
        "model": "contenttypes.contenttype",
        "pk": 10,
        "fields": {
            "app_label": "hw",
            "model": "homeworkstudentcomment"
        }
    },
    {
        "model": "contenttypes.contenttype",
        "pk": 11,
        "fields": {
            "app_label": "accounts",
            "model": "subjecttype"
        }
    },
    {
        "model": "contenttypes.contenttype",
        "pk": 12,
        "fields": {
            "app_label": "accounts",
            "model": "customuser"
        }
    },
    {
        "model": "contenttypes.contenttype",
        "pk": 13,
        "fields": {
            "app_label": "hw",
            "model": "textfile"
        }
    },
    {
        "model": "contenttypes.contenttype",
        "pk": 14,
        "fields": {
            "app_label": "hw",
            "model": "codefile"
        }
    },
    {
        "model": "contenttypes.contenttype",
        "pk": 15,
        "fields": {
            "app_label": "news",
            "model": "newspost"
        }
    },
    {
        "model": "sessions.session",
        "pk": "4yyxzhchz5k4v5wee1fhb36jruced9vn",
        "fields": {
            "session_data": ".eJxVjDsOwjAQBe_iGln-fyjpOYO1Xq9xADlSnFSIu0OkFNC-mXkvlmBbW9oGLWkq7MwkO_1uGfBBfQflDv02c5z7ukyZ7wo_6ODXudDzcrh_Bw1G-9auRO0x1-KVQGujRFEFBYHgyeholYvaBlMDVdBeKIyOQAdr0AuSntj7A9vYN4c:1wA25G:BNbZ1BHxo8caVxXr8wa8ABZs22KD7HzfuLjqasfpIDM",
            "expire_date": "2026-04-21T08:46:54.640Z"
        }
    },
    {
        "model": "sessions.session",
        "pk": "itc63zh0ya5kr3i5zw3oayas3sz1jqgi",
        "fields": {
            "session_data": ".eJxVjDsOwjAQBe_iGln-fyjpOYO1Xq9xADlSnFSIu0OkFNC-mXkvlmBbW9oGLWkq7MwkO_1uGfBBfQflDv02c5z7ukyZ7wo_6ODXudDzcrh_Bw1G-9auRO0x1-KVQGujRFEFBYHgyeholYvaBlMDVdBeKIyOQAdr0AuSntj7A9vYN4c:1wRQnC:-sLL3RuS2mwXatWBHiFgvmEL8h2nMCPpwYfqi1nAu6k",
            "expire_date": "2026-06-08T08:36:10.560Z"
        }
    },
    {
        "model": "sessions.session",
        "pk": "tiv0enr3zcwn24pesqnq4m50702rncon",
        "fields": {
            "session_data": ".eJxVjDsOwjAQBe_iGln-fyjpOYO1Xq9xADlSnFSIu0OkFNC-mXkvlmBbW9oGLWkq7MwkO_1uGfBBfQflDv02c5z7ukyZ7wo_6ODXudDzcrh_Bw1G-9auRO0x1-KVQGujRFEFBYHgyeholYvaBlMDVdBeKIyOQAdr0AuSntj7A9vYN4c:1wFrbU:YG-0_Ms_ANhAL4l9f_15ciFmMaEcSQx1BxvdyuroBg4",
            "expire_date": "2026-05-07T10:48:16.382Z"
        }
    },
    {
        "model": "hw.subject",
        "pk": 1,
        "fields": {
            "year": 2026,
            "name": "pgr1"
        }
    },
    {
        "model": "hw.subject",
        "pk": 2,
        "fields": {
            "year": 2026,
            "name": "pyth"
        }
    },
    {
        "model": "hw.subject",
        "pk": 3,
        "fields": {
            "year": 2026,
            "name": "inta"
        }
    },
    {
        "model": "hw.subject",
        "pk": 4,
        "fields": {
            "year": 2026,
            "name": "zpro"
        }
    },
    {
        "model": "hw.codefile",
        "pk": 1,
        "fields": {
            "file": "uploads/i_hate_green_by_soirlumen_dl7nig6-414w-2x.jpg"
        }
    },
    {
        "model": "hw.codefile",
        "pk": 2,
        "fields": {
            "file": "uploads/Untitled559_20260308214853.png"
        }
    },
    {
        "model": "hw.codefile",
        "pk": 4,
        "fields": {
            "file": "uploads/Untitled559_20260308214853_GoPc6rg.png"
        }
    },
    {
        "model": "hw.codefile",
        "pk": 5,
        "fields": {
            "file": "uploads/Untitled559_20260308214900.png"
        }
    },
    {
        "model": "hw.codefile",
        "pk": 7,
        "fields": {
            "file": "uploads/scaredruslan.png"
        }
    },
    {
        "model": "hw.codefile",
        "pk": 10,
        "fields": {
            "file": "student1/zkusebni-zadani/necpna_zkoušku.png"
        }
    },
    {
        "model": "hw.codefile",
        "pk": 11,
        "fields": {
            "file": "student1/epicke-zadani/AOV1test.pdf"
        }
    },
    {
        "model": "hw.codefile",
        "pk": 13,
        "fields": {
            "file": "student1/epicke-zadani/msteams_tabulka_zadani_stud.png"
        }
    },
    {
        "model": "hw.codefile",
        "pk": 16,
        "fields": {
            "file": "administrator/smazusoubory/msteams_tabulka_zadani_stud.png"
        }
    },
    {
        "model": "hw.assignment",
        "pk": 1,
        "fields": {
            "title": "Zadání ",
            "subject": 1,
            "teacher": 1,
            "description": "napiš ahoj",
            "max_score": 10,
            "release": "2026-01-26T12:09:00Z",
            "deadline": "2026-02-25T12:46:34Z",
            "files": []
        }
    },
    {
        "model": "hw.assignment",
        "pk": 3,
        "fields": {
            "title": "Zadání 3",
            "subject": 2,
            "teacher": 4,
            "description": "napiš mňau",
            "max_score": 1,
            "release": "2026-02-25T12:11:40Z",
            "deadline": "2026-02-25T12:11:44Z",
            "files": []
        }
    },
    {
        "model": "hw.assignment",
        "pk": 5,
        "fields": {
            "title": "Zadání 5",
            "subject": 3,
            "teacher": 4,
            "description": "******\r\n## markdown pyčo",
            "max_score": 3,
            "release": "2025-12-08T12:22:52Z",
            "deadline": "2026-06-18T11:10:35Z",
            "files": []
        }
    },
    {
        "model": "hw.assignment",
        "pk": 7,
        "fields": {
            "title": "Epické zadání",
            "subject": 1,
            "teacher": 1,
            "description": "* * *\r\n\r\n***\r\n\r\n*****\r\n\r\n- - -\r\n\r\n---------------------------------------\r\n\r\nThis is [an example](http://example.com/ \"Title\") inline link.\r\n\r\n[This link](http://example.net/) has no title attribute.\r\n\r\n*single asterisks*\r\n\r\n_single underscores_\r\n\r\n**double asterisks**\r\n\r\n__double underscores__\r\n``There is a literal backtick (`) here.``",
            "max_score": 1,
            "release": "2026-03-02T09:14:00Z",
            "deadline": "2026-09-26T08:18:00Z",
            "files": []
        }
    },
    {
        "model": "hw.assignment",
        "pk": 8,
        "fields": {
            "title": "hm",
            "subject": 1,
            "teacher": 1,
            "description": "## hihi",
            "max_score": 1,
            "release": "2026-03-05T10:22:00Z",
            "deadline": "2026-04-05T09:22:00Z",
            "files": []
        }
    },
    {
        "model": "hw.assignment",
        "pk": 9,
        "fields": {
            "title": "f",
            "subject": 2,
            "teacher": 1,
            "description": "idk",
            "max_score": 1,
            "release": "2026-02-24T11:02:00Z",
            "deadline": "2026-03-20T11:02:00Z",
            "files": []
        }
    },
    {
        "model": "hw.assignment",
        "pk": 14,
        "fields": {
            "title": "něco",
            "subject": 1,
            "teacher": 1,
            "description": "## ha",
            "max_score": 1,
            "release": "2026-02-23T13:20:00Z",
            "deadline": "2026-03-21T13:20:00Z",
            "files": []
        }
    },
    {
        "model": "hw.assignment",
        "pk": 15,
        "fields": {
            "title": "zkušební zadání",
            "subject": 1,
            "teacher": 1,
            "description": "# sssssss\r\n*   Red\r\n*   Green\r\n*   Blue",
            "max_score": 2,
            "release": "2026-03-13T09:14:00Z",
            "deadline": "2026-03-13T09:40:41Z",
            "files": [
                2
            ]
        }
    },
    {
        "model": "hw.assignment",
        "pk": 17,
        "fields": {
            "title": "před release",
            "subject": 1,
            "teacher": 1,
            "description": "s",
            "max_score": 1,
            "release": "2026-03-28T12:08:00Z",
            "deadline": "2026-04-03T11:08:00Z",
            "files": [
                7
            ]
        }
    },
    {
        "model": "hw.assignment",
        "pk": 18,
        "fields": {
            "title": "zkusíme markdown",
            "subject": 1,
            "teacher": 1,
            "description": "# tohle budete čubrnět\r\n+ a\r\n+ b\r\n+ c\r\n+ aaaaaa",
            "max_score": 1,
            "release": "2026-03-24T10:17:00Z",
            "deadline": "2026-03-24T10:25:29Z",
            "files": []
        }
    },
    {
        "model": "hw.assignment",
        "pk": 19,
        "fields": {
            "title": "zkušební zadání",
            "subject": 1,
            "teacher": 1,
            "description": "popis",
            "max_score": 2,
            "release": "2026-03-25T16:23:00Z",
            "deadline": "2026-03-25T16:29:38Z",
            "files": []
        }
    },
    {
        "model": "hw.assignment",
        "pk": 20,
        "fields": {
            "title": "Datum zadání",
            "subject": 1,
            "teacher": 1,
            "description": "# bude tu správnř formát data?",
            "max_score": 0,
            "release": "2026-04-07T19:23:00Z",
            "deadline": "2026-05-01T07:23:00Z",
            "files": []
        }
    },
    {
        "model": "hw.assignment",
        "pk": 21,
        "fields": {
            "title": "Nějaké zadání",
            "subject": 3,
            "teacher": 4,
            "description": "nějakř popisek a upravím ho",
            "max_score": 10,
            "release": "2026-05-24T07:20:00Z",
            "deadline": "2026-05-30T07:20:00Z",
            "files": []
        }
    },
    {
        "model": "hw.assignment",
        "pk": 22,
        "fields": {
            "title": "idk",
            "subject": 3,
            "teacher": 4,
            "description": "ahoj",
            "max_score": 1,
            "release": "2026-05-23T07:59:00Z",
            "deadline": "2026-05-23T08:06:00Z",
            "files": []
        }
    },
    {
        "model": "hw.assignment",
        "pk": 23,
        "fields": {
            "title": "autor ukolu",
            "subject": 1,
            "teacher": 1,
            "description": "odešli ukol",
            "max_score": 1,
            "release": "2026-05-23T08:09:00Z",
            "deadline": "2026-05-30T08:09:00Z",
            "files": []
        }
    },
    {
        "model": "hw.assignment",
        "pk": 24,
        "fields": {
            "title": "smažusoubory",
            "subject": 1,
            "teacher": 1,
            "description": "ajajajajb",
            "max_score": 1,
            "release": "2026-05-22T08:41:00Z",
            "deadline": "2026-05-23T08:49:49Z",
            "files": [
                16
            ]
        }
    },
    {
        "model": "hw.assignment",
        "pk": 25,
        "fields": {
            "title": "zpro ukol",
            "subject": 4,
            "teacher": 4,
            "description": ":>",
            "max_score": 1,
            "release": "2026-05-23T11:16:45Z",
            "deadline": "2026-05-23T11:18:54Z",
            "files": []
        }
    },
    {
        "model": "hw.key",
        "pk": 1,
        "fields": {
            "student": 2,
            "assignment": 1
        }
    },
    {
        "model": "hw.key",
        "pk": 3,
        "fields": {
            "student": 2,
            "assignment": 3
        }
    },
    {
        "model": "hw.key",
        "pk": 4,
        "fields": {
            "student": 1,
            "assignment": 5
        }
    },
    {
        "model": "hw.key",
        "pk": 5,
        "fields": {
            "student": 3,
            "assignment": 5
        }
    },
    {
        "model": "hw.key",
        "pk": 7,
        "fields": {
            "student": 3,
            "assignment": 1
        }
    },
    {
        "model": "hw.key",
        "pk": 8,
        "fields": {
            "student": 5,
            "assignment": 1
        }
    },
    {
        "model": "hw.key",
        "pk": 9,
        "fields": {
            "student": 2,
            "assignment": 7
        }
    },
    {
        "model": "hw.key",
        "pk": 10,
        "fields": {
            "student": 3,
            "assignment": 7
        }
    },
    {
        "model": "hw.key",
        "pk": 11,
        "fields": {
            "student": 3,
            "assignment": 14
        }
    },
    {
        "model": "hw.key",
        "pk": 12,
        "fields": {
            "student": 2,
            "assignment": 14
        }
    },
    {
        "model": "hw.key",
        "pk": 13,
        "fields": {
            "student": 2,
            "assignment": 15
        }
    },
    {
        "model": "hw.key",
        "pk": 14,
        "fields": {
            "student": 3,
            "assignment": 8
        }
    },
    {
        "model": "hw.key",
        "pk": 15,
        "fields": {
            "student": 3,
            "assignment": 15
        }
    },
    {
        "model": "hw.key",
        "pk": 16,
        "fields": {
            "student": 5,
            "assignment": 15
        }
    },
    {
        "model": "hw.key",
        "pk": 17,
        "fields": {
            "student": 2,
            "assignment": 8
        }
    },
    {
        "model": "hw.key",
        "pk": 19,
        "fields": {
            "student": 2,
            "assignment": 18
        }
    },
    {
        "model": "hw.key",
        "pk": 20,
        "fields": {
            "student": 3,
            "assignment": 18
        }
    },
    {
        "model": "hw.key",
        "pk": 21,
        "fields": {
            "student": 5,
            "assignment": 18
        }
    },
    {
        "model": "hw.key",
        "pk": 22,
        "fields": {
            "student": 2,
            "assignment": 19
        }
    },
    {
        "model": "hw.key",
        "pk": 23,
        "fields": {
            "student": 3,
            "assignment": 19
        }
    },
    {
        "model": "hw.key",
        "pk": 24,
        "fields": {
            "student": 5,
            "assignment": 8
        }
    },
    {
        "model": "hw.key",
        "pk": 25,
        "fields": {
            "student": 5,
            "assignment": 19
        }
    },
    {
        "model": "hw.key",
        "pk": 26,
        "fields": {
            "student": 3,
            "assignment": 22
        }
    },
    {
        "model": "hw.key",
        "pk": 27,
        "fields": {
            "student": 2,
            "assignment": 23
        }
    },
    {
        "model": "hw.key",
        "pk": 28,
        "fields": {
            "student": 2,
            "assignment": 24
        }
    },
    {
        "model": "hw.key",
        "pk": 29,
        "fields": {
            "student": 3,
            "assignment": 23
        }
    },
    {
        "model": "hw.key",
        "pk": 30,
        "fields": {
            "student": 3,
            "assignment": 24
        }
    },
    {
        "model": "hw.key",
        "pk": 31,
        "fields": {
            "student": 5,
            "assignment": 24
        }
    },
    {
        "model": "hw.key",
        "pk": 32,
        "fields": {
            "student": 2,
            "assignment": 25
        }
    },
    {
        "model": "hw.key",
        "pk": 33,
        "fields": {
            "student": 3,
            "assignment": 25
        }
    },
    {
        "model": "hw.key",
        "pk": 34,
        "fields": {
            "student": 5,
            "assignment": 25
        }
    },
    {
        "model": "hw.homework",
        "pk": 1,
        "fields": {
            "key": 1,
            "programming_language": "python",
            "engrossment": "mbbgdgd",
            "notes": "",
            "submitted": "2026-02-25T12:32:26.012Z",
            "score": 7,
            "text_evaluation": "",
            "files": []
        }
    },
    {
        "model": "hw.homework",
        "pk": 2,
        "fields": {
            "key": 4,
            "programming_language": "python",
            "engrossment": "import numpy as np\r\n\r\ndef foo(idk):\r\n     return f\"ahoj {idk}\"",
            "notes": "",
            "submitted": "2026-03-06T12:16:59.582Z",
            "score": null,
            "text_evaluation": null,
            "files": [
                1
            ]
        }
    },
    {
        "model": "hw.homework",
        "pk": 3,
        "fields": {
            "key": 5,
            "programming_language": "python",
            "engrossment": "djfgjyfdbgly\r\n\r\nmm",
            "notes": "",
            "submitted": "2026-05-23T08:09:02.562Z",
            "score": 2,
            "text_evaluation": "ty pičo to je mrdka\r\n# mrdka",
            "files": []
        }
    },
    {
        "model": "hw.homework",
        "pk": 5,
        "fields": {
            "key": 7,
            "programming_language": "python",
            "engrossment": "sdfsdf",
            "notes": "",
            "submitted": "2026-02-25T12:43:39Z",
            "score": null,
            "text_evaluation": "",
            "files": []
        }
    },
    {
        "model": "hw.homework",
        "pk": 6,
        "fields": {
            "key": 8,
            "programming_language": "python",
            "engrossment": "kxjnvsjkgn",
            "notes": "",
            "submitted": "2026-02-26T14:02:57Z",
            "score": 1,
            "text_evaluation": "",
            "files": []
        }
    },
    {
        "model": "hw.homework",
        "pk": 7,
        "fields": {
            "key": 9,
            "programming_language": "markdown",
            "engrossment": "# markdownn\r\ndejme tomu",
            "notes": "jsfkjsbgojsngo",
            "submitted": "2026-05-23T10:00:11.825Z",
            "score": 1,
            "text_evaluation": "# yooojum",
            "files": [
                11,
                13
            ]
        }
    },
    {
        "model": "hw.homework",
        "pk": 8,
        "fields": {
            "key": 10,
            "programming_language": "python",
            "engrossment": "Bengr",
            "notes": "",
            "submitted": "2026-03-05T09:50:03.436Z",
            "score": null,
            "text_evaluation": null,
            "files": []
        }
    },
    {
        "model": "hw.homework",
        "pk": 9,
        "fields": {
            "key": 12,
            "programming_language": "python",
            "engrossment": "dkmfdhlkdfnh",
            "notes": "",
            "submitted": "2026-03-17T11:29:08.996Z",
            "score": 1,
            "text_evaluation": "š",
            "files": [
                4
            ]
        }
    },
    {
        "model": "hw.homework",
        "pk": 10,
        "fields": {
            "key": 13,
            "programming_language": "text/x-c++src",
            "engrossment": "#include <iostream>\r\n\r\nint i=1;\r\nvoid foo(float a){\r\n    return a*a;\r\n}\r\n\r\nint main(){\r\n    std::cout<<foo(3.2)<<std::endl;\r\n    return 0;\r\n}",
            "notes": "",
            "submitted": "2026-03-13T09:28:32.612Z",
            "score": 2,
            "text_evaluation": "# a",
            "files": []
        }
    },
    {
        "model": "hw.homework",
        "pk": 11,
        "fields": {
            "key": 15,
            "programming_language": "python",
            "engrossment": "import numpy as np\r\n\r\ndef foo(a)->float:\r\n    return (float)(np.sin(a))",
            "notes": "",
            "submitted": "2026-03-13T09:32:13.267Z",
            "score": null,
            "text_evaluation": null,
            "files": []
        }
    },
    {
        "model": "hw.homework",
        "pk": 12,
        "fields": {
            "key": 16,
            "programming_language": "null",
            "engrossment": "ysvkysbgljgblajsg",
            "notes": "",
            "submitted": "2026-03-13T09:32:38.192Z",
            "score": null,
            "text_evaluation": null,
            "files": []
        }
    },
    {
        "model": "hw.homework",
        "pk": 13,
        "fields": {
            "key": 17,
            "programming_language": "null",
            "engrossment": "idk",
            "notes": "",
            "submitted": "2026-03-17T11:35:16.975Z",
            "score": null,
            "text_evaluation": null,
            "files": [
                5
            ]
        }
    },
    {
        "model": "hw.homework",
        "pk": 15,
        "fields": {
            "key": 14,
            "programming_language": "text/x-c++src",
            "engrossment": "# banger\r\n*aaaa*",
            "notes": "",
            "submitted": "2026-03-24T09:54:50.011Z",
            "score": null,
            "text_evaluation": null,
            "files": []
        }
    },
    {
        "model": "hw.homework",
        "pk": 16,
        "fields": {
            "key": 19,
            "programming_language": "markdown",
            "engrossment": "## aaaaaaaaaaaaaaaaaaaaaaaaaaaaaaaaaaa",
            "notes": "",
            "submitted": "2026-03-24T10:23:59.635Z",
            "score": 1,
            "text_evaluation": "# jouda",
            "files": []
        }
    },
    {
        "model": "hw.homework",
        "pk": 17,
        "fields": {
            "key": 20,
            "programming_language": "markdown",
            "engrossment": "# \\s\\jdfbaskjbgaskdjgb",
            "notes": "",
            "submitted": "2026-03-24T10:24:21.377Z",
            "score": null,
            "text_evaluation": null,
            "files": []
        }
    },
    {
        "model": "hw.homework",
        "pk": 18,
        "fields": {
            "key": 21,
            "programming_language": "markdown",
            "engrossment": "# dudun",
            "notes": "",
            "submitted": "2026-03-24T10:24:44.166Z",
            "score": null,
            "text_evaluation": null,
            "files": []
        }
    },
    {
        "model": "hw.homework",
        "pk": 19,
        "fields": {
            "key": 22,
            "programming_language": "markdown",
            "engrossment": "# udělej banger",
            "notes": "",
            "submitted": "2026-03-25T16:25:16.840Z",
            "score": 1,
            "text_evaluation": "# AAAAAAAAAAAAAAAAAAAAAAAAAAAAAAAAAAAA\r\n+ A\r\n+ B",
            "files": [
                10
            ]
        }
    },
    {
        "model": "hw.homework",
        "pk": 20,
        "fields": {
            "key": 23,
            "programming_language": "python",
            "engrossment": "import balik as b\r\n\r\ndef foo(a)->int:\r\n    return b.ahoj(a)",
            "notes": "",
            "submitted": "2026-03-25T16:26:05.142Z",
            "score": null,
            "text_evaluation": null,
            "files": []
        }
    },
    {
        "model": "hw.homework",
        "pk": 21,
        "fields": {
            "key": 25,
            "programming_language": "text/x-java",
            "engrossment": "import neco\r\n\r\npublic static class main(){\r\n    int a;\r\n}",
            "notes": "",
            "submitted": "2026-03-25T16:28:23.449Z",
            "score": null,
            "text_evaluation": null,
            "files": []
        }
    },
    {
        "model": "hw.homework",
        "pk": 22,
        "fields": {
            "key": 27,
            "programming_language": "python",
            "engrossment": "abk\\jsdbjks\\d",
            "notes": "",
            "submitted": "2026-05-23T08:36:06.798Z",
            "score": null,
            "text_evaluation": null,
            "files": []
        }
    },
    {
        "model": "hw.homework",
        "pk": 23,
        "fields": {
            "key": 28,
            "programming_language": "python",
            "engrossment": "dsxckgvlh\r\njjjj",
            "notes": "",
            "submitted": "2026-05-23T08:48:08.833Z",
            "score": 1,
            "text_evaluation": "w",
            "files": []
        }
    },
    {
        "model": "hw.homework",
        "pk": 24,
        "fields": {
            "key": 30,
            "programming_language": "python",
            "engrossment": ",dflsd",
            "notes": "",
            "submitted": "2026-05-23T08:49:03.097Z",
            "score": null,
            "text_evaluation": null,
            "files": []
        }
    },
    {
        "model": "hw.homework",
        "pk": 25,
        "fields": {
            "key": 31,
            "programming_language": "python",
            "engrossment": "ksldnglwkg",
            "notes": "",
            "submitted": "2026-05-23T08:49:19.130Z",
            "score": null,
            "text_evaluation": null,
            "files": []
        }
    },
    {
        "model": "hw.homework",
        "pk": 26,
        "fields": {
            "key": 32,
            "programming_language": "python",
            "engrossment": "mkmk",
            "notes": "",
            "submitted": null,
            "score": null,
            "text_evaluation": "",
            "files": []
        }
    },
    {
        "model": "hw.homework",
        "pk": 27,
        "fields": {
            "key": 33,
            "programming_language": "python",
            "engrossment": "mnlk",
            "notes": "",
            "submitted": null,
            "score": null,
            "text_evaluation": "",
            "files": []
        }
    },
    {
        "model": "hw.homework",
        "pk": 28,
        "fields": {
            "key": 34,
            "programming_language": "python",
            "engrossment": "klnolkn",
            "notes": "",
            "submitted": null,
            "score": null,
            "text_evaluation": "",
            "files": []
        }
    },
    {
        "model": "hw.homeworkstudentcomment",
        "pk": 30,
        "fields": {
            "hw": 10,
            "reviewer": 3,
            "comment": "",
            "submitted": null,
            "mark": ""
        }
    },
    {
        "model": "hw.homeworkstudentcomment",
        "pk": 31,
        "fields": {
            "hw": 12,
            "reviewer": 2,
            "comment": "???",
            "submitted": "2026-05-23T14:41:12.830Z",
            "mark": "awkjghaij¨gb¨aerijbgaker¨b"
        }
    },
    {
        "model": "hw.homeworkstudentcomment",
        "pk": 32,
        "fields": {
            "hw": 11,
            "reviewer": 5,
            "comment": "",
            "submitted": "2026-05-25T08:22:33.029Z",
            "mark": "nicmoc"
        }
    },
    {
        "model": "hw.homeworkstudentcomment",
        "pk": 33,
        "fields": {
            "hw": 18,
            "reviewer": 2,
            "comment": "# vidíš taky",
            "submitted": "2026-03-24T10:26:35.782Z",
            "mark": ""
        }
    },
    {
        "model": "hw.homeworkstudentcomment",
        "pk": 34,
        "fields": {
            "hw": 17,
            "reviewer": 5,
            "comment": "",
            "submitted": null,
            "mark": ""
        }
    },
    {
        "model": "hw.homeworkstudentcomment",
        "pk": 35,
        "fields": {
            "hw": 16,
            "reviewer": 3,
            "comment": "",
            "submitted": null,
            "mark": ""
        }
    },
    {
        "model": "hw.homeworkstudentcomment",
        "pk": 36,
        "fields": {
            "hw": 19,
            "reviewer": 3,
            "comment": "",
            "submitted": null,
            "mark": ""
        }
    },
    {
        "model": "hw.homeworkstudentcomment",
        "pk": 37,
        "fields": {
            "hw": 21,
            "reviewer": 2,
            "comment": "to docela *ujde*",
            "submitted": "2026-05-23T07:33:02.587Z",
            "mark": ""
        }
    },
    {
        "model": "hw.homeworkstudentcomment",
        "pk": 38,
        "fields": {
            "hw": 20,
            "reviewer": 5,
            "comment": "",
            "submitted": null,
            "mark": ""
        }
    },
    {
        "model": "hw.homeworkstudentcomment",
        "pk": 39,
        "fields": {
            "hw": 24,
            "reviewer": 5,
            "comment": "",
            "submitted": null,
            "mark": ""
        }
    },
    {
        "model": "hw.homeworkstudentcomment",
        "pk": 40,
        "fields": {
            "hw": 23,
            "reviewer": 5,
            "comment": "",
            "submitted": null,
            "mark": ""
        }
    },
    {
        "model": "hw.homeworkstudentcomment",
        "pk": 41,
        "fields": {
            "hw": 23,
            "reviewer": 3,
            "comment": "",
            "submitted": null,
            "mark": ""
        }
    },
    {
        "model": "hw.homeworkstudentcomment",
        "pk": 42,
        "fields": {
            "hw": 25,
            "reviewer": 3,
            "comment": "",
            "submitted": null,
            "mark": ""
        }
    },
    {
        "model": "hw.homeworkstudentcomment",
        "pk": 43,
        "fields": {
            "hw": 25,
            "reviewer": 2,
            "comment": "vcfg",
            "submitted": "2026-05-23T08:52:03.320Z",
            "mark": ""
        }
    },
    {
        "model": "hw.homeworkstudentcomment",
        "pk": 44,
        "fields": {
            "hw": 24,
            "reviewer": 2,
            "comment": "dflmlkfdb",
            "submitted": "2026-05-25T08:35:25.610Z",
            "mark": ""
        }
    },
    {
        "model": "hw.homeworkstudentcomment",
        "pk": 45,
        "fields": {
            "hw": 27,
            "reviewer": 2,
            "comment": "mnkms flkaem",
            "submitted": "2026-05-25T08:27:31.976Z",
            "mark": ""
        }
    },
    {
        "model": "hw.homeworkstudentcomment",
        "pk": 46,
        "fields": {
            "hw": 28,
            "reviewer": 2,
            "comment": "",
            "submitted": null,
            "mark": ""
        }
    },
    {
        "model": "hw.homeworkstudentcomment",
        "pk": 47,
        "fields": {
            "hw": 28,
            "reviewer": 3,
            "comment": "",
            "submitted": null,
            "mark": ""
        }
    },
    {
        "model": "hw.homeworkstudentcomment",
        "pk": 48,
        "fields": {
            "hw": 26,
            "reviewer": 3,
            "comment": "",
            "submitted": null,
            "mark": ""
        }
    },
    {
        "model": "hw.homeworkstudentcomment",
        "pk": 49,
        "fields": {
            "hw": 26,
            "reviewer": 5,
            "comment": "",
            "submitted": null,
            "mark": ""
        }
    },
    {
        "model": "hw.homeworkstudentcomment",
        "pk": 50,
        "fields": {
            "hw": 27,
            "reviewer": 5,
            "comment": "",
            "submitted": null,
            "mark": ""
        }
    },
    {
        "model": "accounts.customuser",
        "pk": 1,
        "fields": {
            "password": "pbkdf2_sha256$1000000$Y2seHd7a5WIrpySvhk5NsL$3/ysFzNkzdvGdxqSyqOzo5a3gGjkaLXoxVqsuJkuNiY=",
            "last_login": "2026-05-25T08:36:10.533Z",
            "is_superuser": true,
            "username": "administrator",
            "last_name": "",
            "email": "admin@glop.com",
            "is_staff": true,
            "is_active": true,
            "date_joined": "2026-02-25T11:58:39Z",
            "first_name": "Petr",
            "surname": "Pavel",
            "tel": "+420212345678",
            "groups": [],
            "user_permissions": []
        }
    },
    {
        "model": "accounts.customuser",
        "pk": 2,
        "fields": {
            "password": "pbkdf2_sha256$1000000$z83G2N4kiKLgSNWXZU9trF$GMAvOKlIS1K+H0Q70kJsamj24uF2JCow5hMEtWIUWNQ=",
            "last_login": "2026-05-25T08:27:19.031Z",
            "is_superuser": false,
            "username": "student1",
            "last_name": "",
            "email": "zbve@mail.com",
            "is_staff": false,
            "is_active": true,
            "date_joined": "2026-02-25T12:01:15Z",
            "first_name": "Zbyněk",
            "surname": "Věřil",
            "tel": "+420212345678",
            "groups": [],
            "user_permissions": []
        }
    },
    {
        "model": "accounts.customuser",
        "pk": 3,
        "fields": {
            "password": "pbkdf2_sha256$1000000$IYxLgLgZI5VtCIb2hsU0EF$TBZI4oVhOHKkNuDmVQPtJc3nghdpA8muYOZ/ZmNVEGY=",
            "last_login": "2026-05-23T08:48:52Z",
            "is_superuser": false,
            "username": "student2",
            "last_name": "",
            "email": "vlpl@mail.com",
            "is_staff": false,
            "is_active": true,
            "date_joined": "2026-02-25T12:06:49Z",
            "first_name": "Vlastimil",
            "surname": "Plamínek",
            "tel": "+420212345673",
            "groups": [],
            "user_permissions": []
        }
    },
    {
        "model": "accounts.customuser",
        "pk": 4,
        "fields": {
            "password": "pbkdf2_sha256$1000000$RqcCbMwYQRWjjq0wVHqFln$XsIRtg2SxDXZ5Xvj/7qViSxPWKPbEWubBKYyYhI32oI=",
            "last_login": "2026-05-23T11:19:04.516Z",
            "is_superuser": false,
            "username": "teacher",
            "last_name": "",
            "email": "koze@mail.com",
            "is_staff": false,
            "is_active": true,
            "date_joined": "2026-02-25T12:07:54Z",
            "first_name": "Kopřimil",
            "surname": "Zelenř",
            "tel": "+420212345634",
            "groups": [],
            "user_permissions": []
        }
    },
    {
        "model": "accounts.customuser",
        "pk": 5,
        "fields": {
            "password": "pbkdf2_sha256$1000000$st8ajSCer8poyjI0LhKMsc$WqR3M0zUhYYk3RBnHw4Nnf+jGMDjJe/WfTvv5QJvOHM=",
            "last_login": "2026-05-23T08:49:11Z",
            "is_superuser": false,
            "username": "student3",
            "last_name": "",
            "email": "rugu@mail.com",
            "is_staff": false,
            "is_active": true,
            "date_joined": "2026-02-26T14:02:25Z",
            "first_name": "Ruslanidze",
            "surname": "Gulievshili",
            "tel": "+420212345678",
            "groups": [],
            "user_permissions": []
        }
    },
    {
        "model": "accounts.subjecttype",
        "pk": 1,
        "fields": {
            "user": 2,
            "subject": 1,
            "role": "student"
        }
    },
    {
        "model": "accounts.subjecttype",
        "pk": 2,
        "fields": {
            "user": 1,
            "subject": 1,
            "role": "teacher"
        }
    },
    {
        "model": "accounts.subjecttype",
        "pk": 3,
        "fields": {
            "user": 1,
            "subject": 2,
            "role": "teacher"
        }
    },
    {
        "model": "accounts.subjecttype",
        "pk": 4,
        "fields": {
            "user": 1,
            "subject": 3,
            "role": "student"
        }
    },
    {
        "model": "accounts.subjecttype",
        "pk": 5,
        "fields": {
            "user": 2,
            "subject": 2,
            "role": "student"
        }
    },
    {
        "model": "accounts.subjecttype",
        "pk": 6,
        "fields": {
            "user": 3,
            "subject": 1,
            "role": "student"
        }
    },
    {
        "model": "accounts.subjecttype",
        "pk": 7,
        "fields": {
            "user": 3,
            "subject": 3,
            "role": "student"
        }
    },
    {
        "model": "accounts.subjecttype",
        "pk": 8,
        "fields": {
            "user": 4,
            "subject": 3,
            "role": "teacher"
        }
    },
    {
        "model": "accounts.subjecttype",
        "pk": 9,
        "fields": {
            "user": 4,
            "subject": 2,
            "role": "teacher"
        }
    },
    {
        "model": "accounts.subjecttype",
        "pk": 10,
        "fields": {
            "user": 5,
            "subject": 1,
            "role": "student"
        }
    },
    {
        "model": "accounts.subjecttype",
        "pk": 11,
        "fields": {
            "user": 4,
            "subject": 4,
            "role": "teacher"
        }
    },
    {
        "model": "accounts.subjecttype",
        "pk": 12,
        "fields": {
            "user": 2,
            "subject": 4,
            "role": "student"
        }
    },
    {
        "model": "accounts.subjecttype",
        "pk": 13,
        "fields": {
            "user": 3,
            "subject": 4,
            "role": "student"
        }
    },
    {
        "model": "accounts.subjecttype",
        "pk": 14,
        "fields": {
            "user": 5,
            "subject": 4,
            "role": "student"
        }
    },
    {
        "model": "accounts.subjecttype",
        "pk": 15,
        "fields": {
            "user": 1,
            "subject": 4,
            "role": "teacher"
        }
    },
    {
        "model": "news.newspost",
        "pk": 1,
        "fields": {
            "date": "2026-03-16T16:57:03.677Z",
            "announcement": "damn hell yaaah"
        }
    },
    {
        "model": "news.newspost",
        "pk": 2,
        "fields": {
            "date": "2026-03-16T16:57:36.588Z",
            "announcement": "achjo"
        }
    },
    {
        "model": "news.newspost",
        "pk": 3,
        "fields": {
            "date": "2026-03-16T16:57:45.269Z",
            "announcement": "xxxxxxxxxxxxx"
        }
    },
    {
        "model": "news.newspost",
        "pk": 4,
        "fields": {
            "date": "2026-03-16T16:57:50.763Z",
            "announcement": "xxxxx\\sdb\\sbsdg"
        }
    },
    {
        "model": "news.newspost",
        "pk": 5,
        "fields": {
            "date": "2026-03-16T16:57:57.200Z",
            "announcement": "ahahahah\r\namsdgf"
        }
    },
    {
        "model": "news.newspost",
        "pk": 6,
        "fields": {
            "date": "2026-03-16T16:58:04.282Z",
            "announcement": "blahblablabbla"
        }
    },
    {
        "model": "news.newspost",
        "pk": 7,
        "fields": {
            "date": "2026-03-16T17:15:11.726Z",
            "announcement": "lknlkn¨lm"
        }
    },
    {
        "model": "news.newspost",
        "pk": 8,
        "fields": {
            "date": "2026-03-16T17:04:35.936Z",
            "announcement": "lknlknlnlknddddkj"
        }
    }
]