[
{
  "model": "contenttypes.contenttype",
  "fields": {
    "app_label": "admin",
    "model": "logentry"
  }
},
{
  "model": "contenttypes.contenttype",
  "fields": {
    "app_label": "auth",
    "model": "permission"
  }
},
{
  "model": "contenttypes.contenttype",
  "fields": {
    "app_label": "auth",
    "model": "group"
  }
},
{
  "model": "contenttypes.contenttype",
  "fields": {
    "app_label": "contenttypes",
    "model": "contenttype"
  }
},
{
  "model": "contenttypes.contenttype",
  "fields": {
    "app_label": "sessions",
    "model": "session"
  }
},
{
  "model": "contenttypes.contenttype",
  "fields": {
    "app_label": "hw",
    "model": "subject"
  }
},
{
  "model": "contenttypes.contenttype",
  "fields": {
    "app_label": "hw",
    "model": "assignment"
  }
},
{
  "model": "contenttypes.contenttype",
  "fields": {
    "app_label": "hw",
    "model": "key"
  }
},
{
  "model": "contenttypes.contenttype",
  "fields": {
    "app_label": "hw",
    "model": "homework"
  }
},
{
  "model": "contenttypes.contenttype",
  "fields": {
    "app_label": "hw",
    "model": "homeworkstudentcomment"
  }
},
{
  "model": "contenttypes.contenttype",
  "fields": {
    "app_label": "accounts",
    "model": "subjecttype"
  }
},
{
  "model": "contenttypes.contenttype",
  "fields": {
    "app_label": "accounts",
    "model": "customuser"
  }
},
{
  "model": "contenttypes.contenttype",
  "fields": {
    "app_label": "hw",
    "model": "textfile"
  }
},
{
  "model": "contenttypes.contenttype",
  "fields": {
    "app_label": "hw",
    "model": "codefile"
  }
},
{
  "model": "sessions.session",
  "pk": "0h4soip4hhf28zbcvozi9mf5cdgtuku4",
  "fields": {
    "session_data": ".eJxVjEEOwiAQRe_C2pChUKe4dN8zkGEGpGpKUtqV8e7apAvd_vfef6lA21rC1tISJlEXZdXpd4vEjzTvQO4036rmOq_LFPWu6IM2PVZJz-vh_h0UauVbG3ceBsbeYTSRyQmh7wCSxc6bHLPlHgxRYg8eBdCzeEwYAZw4kzv1_gDVBjee:1vzVAU:4c6QDPtdUxRHR2z--8vzx485sB0rXjFuXJCaV38mbhw",
    "expire_date": "2026-03-23T07:36:46.211Z"
  }
},
{
  "model": "hw.subject",
  "pk": 1,
  "fields": {
    "year": 2026,
    "name": "pgr1"
  }
},
{
  "model": "hw.subject",
  "pk": 2,
  "fields": {
    "year": 2026,
    "name": "pyth"
  }
},
{
  "model": "hw.subject",
  "pk": 3,
  "fields": {
    "year": 2026,
    "name": "inta"
  }
},
{
  "model": "hw.codefile",
  "pk": 1,
  "fields": {
    "file": "uploads/i_hate_green_by_soirlumen_dl7nig6-414w-2x.jpg"
  }
},
{
  "model": "hw.homework",
  "pk": 1,
  "fields": {
    "key": 1,
    "programming_language": "python",
    "engrossment": "mbbgdgd",
    "submitted": "2026-02-25T12:32:26.012Z",
    "score": 7,
    "text_evaluation": "",
    "files": []
  }
},
{
  "model": "hw.homework",
  "pk": 2,
  "fields": {
    "key": 4,
    "programming_language": "python",
    "engrossment": "import numpy as np\r\n\r\ndef foo(idk):\r\n     return f\"ahoj {idk}\"",
    "submitted": "2026-03-06T12:16:59.582Z",
    "score": null,
    "text_evaluation": null,
    "files": [
      1
    ]
  }
},
{
  "model": "hw.homework",
  "pk": 3,
  "fields": {
    "key": 5,
    "programming_language": "python",
    "engrossment": "djfgjyfdbgly",
    "submitted": "2026-02-25T12:37:43.911Z",
    "score": null,
    "text_evaluation": null,
    "files": []
  }
},
{
  "model": "hw.homework",
  "pk": 5,
  "fields": {
    "key": 7,
    "programming_language": "python",
    "engrossment": "sdfsdf",
    "submitted": "2026-02-25T12:43:39Z",
    "score": null,
    "text_evaluation": "",
    "files": []
  }
},
{
  "model": "hw.homework",
  "pk": 6,
  "fields": {
    "key": 8,
    "programming_language": "python",
    "engrossment": "kxjnvsjkgn",
    "submitted": "2026-02-26T14:02:57Z",
    "score": 1,
    "text_evaluation": "",
    "files": []
  }
},
{
  "model": "hw.homework",
  "pk": 7,
  "fields": {
    "key": 9,
    "programming_language": "python",
    "engrossment": "supr dupr epic",
    "submitted": "2026-03-05T09:49:30.559Z",
    "score": null,
    "text_evaluation": null,
    "files": []
  }
},
{
  "model": "hw.homework",
  "pk": 8,
  "fields": {
    "key": 10,
    "programming_language": "python",
    "engrossment": "Bengr",
    "submitted": "2026-03-05T09:50:03.436Z",
    "score": null,
    "text_evaluation": null,
    "files": []
  }
},
{
  "model": "auth.permission",
  "fields": {
    "name": "Can add log entry",
    "content_type": [
      "admin",
      "logentry"
    ],
    "codename": "add_logentry"
  }
},
{
  "model": "auth.permission",
  "fields": {
    "name": "Can change log entry",
    "content_type": [
      "admin",
      "logentry"
    ],
    "codename": "change_logentry"
  }
},
{
  "model": "auth.permission",
  "fields": {
    "name": "Can delete log entry",
    "content_type": [
      "admin",
      "logentry"
    ],
    "codename": "delete_logentry"
  }
},
{
  "model": "auth.permission",
  "fields": {
    "name": "Can view log entry",
    "content_type": [
      "admin",
      "logentry"
    ],
    "codename": "view_logentry"
  }
},
{
  "model": "auth.permission",
  "fields": {
    "name": "Can add permission",
    "content_type": [
      "auth",
      "permission"
    ],
    "codename": "add_permission"
  }
},
{
  "model": "auth.permission",
  "fields": {
    "name": "Can change permission",
    "content_type": [
      "auth",
      "permission"
    ],
    "codename": "change_permission"
  }
},
{
  "model": "auth.permission",
  "fields": {
    "name": "Can delete permission",
    "content_type": [
      "auth",
      "permission"
    ],
    "codename": "delete_permission"
  }
},
{
  "model": "auth.permission",
  "fields": {
    "name": "Can view permission",
    "content_type": [
      "auth",
      "permission"
    ],
    "codename": "view_permission"
  }
},
{
  "model": "auth.permission",
  "fields": {
    "name": "Can add group",
    "content_type": [
      "auth",
      "group"
    ],
    "codename": "add_group"
  }
},
{
  "model": "auth.permission",
  "fields": {
    "name": "Can change group",
    "content_type": [
      "auth",
      "group"
    ],
    "codename": "change_group"
  }
},
{
  "model": "auth.permission",
  "fields": {
    "name": "Can delete group",
    "content_type": [
      "auth",
      "group"
    ],
    "codename": "delete_group"
  }
},
{
  "model": "auth.permission",
  "fields": {
    "name": "Can view group",
    "content_type": [
      "auth",
      "group"
    ],
    "codename": "view_group"
  }
},
{
  "model": "auth.permission",
  "fields": {
    "name": "Can add content type",
    "content_type": [
      "contenttypes",
      "contenttype"
    ],
    "codename": "add_contenttype"
  }
},
{
  "model": "auth.permission",
  "fields": {
    "name": "Can change content type",
    "content_type": [
      "contenttypes",
      "contenttype"
    ],
    "codename": "change_contenttype"
  }
},
{
  "model": "auth.permission",
  "fields": {
    "name": "Can delete content type",
    "content_type": [
      "contenttypes",
      "contenttype"
    ],
    "codename": "delete_contenttype"
  }
},
{
  "model": "auth.permission",
  "fields": {
    "name": "Can view content type",
    "content_type": [
      "contenttypes",
      "contenttype"
    ],
    "codename": "view_contenttype"
  }
},
{
  "model": "auth.permission",
  "fields": {
    "name": "Can add session",
    "content_type": [
      "sessions",
      "session"
    ],
    "codename": "add_session"
  }
},
{
  "model": "auth.permission",
  "fields": {
    "name": "Can change session",
    "content_type": [
      "sessions",
      "session"
    ],
    "codename": "change_session"
  }
},
{
  "model": "auth.permission",
  "fields": {
    "name": "Can delete session",
    "content_type": [
      "sessions",
      "session"
    ],
    "codename": "delete_session"
  }
},
{
  "model": "auth.permission",
  "fields": {
    "name": "Can view session",
    "content_type": [
      "sessions",
      "session"
    ],
    "codename": "view_session"
  }
},
{
  "model": "auth.permission",
  "fields": {
    "name": "Can add subject",
    "content_type": [
      "hw",
      "subject"
    ],
    "codename": "add_subject"
  }
},
{
  "model": "auth.permission",
  "fields": {
    "name": "Can change subject",
    "content_type": [
      "hw",
      "subject"
    ],
    "codename": "change_subject"
  }
},
{
  "model": "auth.permission",
  "fields": {
    "name": "Can delete subject",
    "content_type": [
      "hw",
      "subject"
    ],
    "codename": "delete_subject"
  }
},
{
  "model": "auth.permission",
  "fields": {
    "name": "Can view subject",
    "content_type": [
      "hw",
      "subject"
    ],
    "codename": "view_subject"
  }
},
{
  "model": "auth.permission",
  "fields": {
    "name": "Can add assignment",
    "content_type": [
      "hw",
      "assignment"
    ],
    "codename": "add_assignment"
  }
},
{
  "model": "auth.permission",
  "fields": {
    "name": "Can change assignment",
    "content_type": [
      "hw",
      "assignment"
    ],
    "codename": "change_assignment"
  }
},
{
  "model": "auth.permission",
  "fields": {
    "name": "Can delete assignment",
    "content_type": [
      "hw",
      "assignment"
    ],
    "codename": "delete_assignment"
  }
},
{
  "model": "auth.permission",
  "fields": {
    "name": "Can view assignment",
    "content_type": [
      "hw",
      "assignment"
    ],
    "codename": "view_assignment"
  }
},
{
  "model": "auth.permission",
  "fields": {
    "name": "Can add key",
    "content_type": [
      "hw",
      "key"
    ],
    "codename": "add_key"
  }
},
{
  "model": "auth.permission",
  "fields": {
    "name": "Can change key",
    "content_type": [
      "hw",
      "key"
    ],
    "codename": "change_key"
  }
},
{
  "model": "auth.permission",
  "fields": {
    "name": "Can delete key",
    "content_type": [
      "hw",
      "key"
    ],
    "codename": "delete_key"
  }
},
{
  "model": "auth.permission",
  "fields": {
    "name": "Can view key",
    "content_type": [
      "hw",
      "key"
    ],
    "codename": "view_key"
  }
},
{
  "model": "auth.permission",
  "fields": {
    "name": "Can add homework",
    "content_type": [
      "hw",
      "homework"
    ],
    "codename": "add_homework"
  }
},
{
  "model": "auth.permission",
  "fields": {
    "name": "Can change homework",
    "content_type": [
      "hw",
      "homework"
    ],
    "codename": "change_homework"
  }
},
{
  "model": "auth.permission",
  "fields": {
    "name": "Can delete homework",
    "content_type": [
      "hw",
      "homework"
    ],
    "codename": "delete_homework"
  }
},
{
  "model": "auth.permission",
  "fields": {
    "name": "Can view homework",
    "content_type": [
      "hw",
      "homework"
    ],
    "codename": "view_homework"
  }
},
{
  "model": "auth.permission",
  "fields": {
    "name": "Can add homework student comment",
    "content_type": [
      "hw",
      "homeworkstudentcomment"
    ],
    "codename": "add_homeworkstudentcomment"
  }
},
{
  "model": "auth.permission",
  "fields": {
    "name": "Can change homework student comment",
    "content_type": [
      "hw",
      "homeworkstudentcomment"
    ],
    "codename": "change_homeworkstudentcomment"
  }
},
{
  "model": "auth.permission",
  "fields": {
    "name": "Can delete homework student comment",
    "content_type": [
      "hw",
      "homeworkstudentcomment"
    ],
    "codename": "delete_homeworkstudentcomment"
  }
},
{
  "model": "auth.permission",
  "fields": {
    "name": "Can view homework student comment",
    "content_type": [
      "hw",
      "homeworkstudentcomment"
    ],
    "codename": "view_homeworkstudentcomment"
  }
},
{
  "model": "auth.permission",
  "fields": {
    "name": "Can add subject type",
    "content_type": [
      "accounts",
      "subjecttype"
    ],
    "codename": "add_subjecttype"
  }
},
{
  "model": "auth.permission",
  "fields": {
    "name": "Can change subject type",
    "content_type": [
      "accounts",
      "subjecttype"
    ],
    "codename": "change_subjecttype"
  }
},
{
  "model": "auth.permission",
  "fields": {
    "name": "Can delete subject type",
    "content_type": [
      "accounts",
      "subjecttype"
    ],
    "codename": "delete_subjecttype"
  }
},
{
  "model": "auth.permission",
  "fields": {
    "name": "Can view subject type",
    "content_type": [
      "accounts",
      "subjecttype"
    ],
    "codename": "view_subjecttype"
  }
},
{
  "model": "auth.permission",
  "fields": {
    "name": "Can add user",
    "content_type": [
      "accounts",
      "customuser"
    ],
    "codename": "add_customuser"
  }
},
{
  "model": "auth.permission",
  "fields": {
    "name": "Can change user",
    "content_type": [
      "accounts",
      "customuser"
    ],
    "codename": "change_customuser"
  }
},
{
  "model": "auth.permission",
  "fields": {
    "name": "Can delete user",
    "content_type": [
      "accounts",
      "customuser"
    ],
    "codename": "delete_customuser"
  }
},
{
  "model": "auth.permission",
  "fields": {
    "name": "Can view user",
    "content_type": [
      "accounts",
      "customuser"
    ],
    "codename": "view_customuser"
  }
},
{
  "model": "auth.permission",
  "fields": {
    "name": "Can add text file",
    "content_type": [
      "hw",
      "textfile"
    ],
    "codename": "add_textfile"
  }
},
{
  "model": "auth.permission",
  "fields": {
    "name": "Can change text file",
    "content_type": [
      "hw",
      "textfile"
    ],
    "codename": "change_textfile"
  }
},
{
  "model": "auth.permission",
  "fields": {
    "name": "Can delete text file",
    "content_type": [
      "hw",
      "textfile"
    ],
    "codename": "delete_textfile"
  }
},
{
  "model": "auth.permission",
  "fields": {
    "name": "Can view text file",
    "content_type": [
      "hw",
      "textfile"
    ],
    "codename": "view_textfile"
  }
},
{
  "model": "auth.permission",
  "fields": {
    "name": "Can add code file",
    "content_type": [
      "hw",
      "codefile"
    ],
    "codename": "add_codefile"
  }
},
{
  "model": "auth.permission",
  "fields": {
    "name": "Can change code file",
    "content_type": [
      "hw",
      "codefile"
    ],
    "codename": "change_codefile"
  }
},
{
  "model": "auth.permission",
  "fields": {
    "name": "Can delete code file",
    "content_type": [
      "hw",
      "codefile"
    ],
    "codename": "delete_codefile"
  }
},
{
  "model": "auth.permission",
  "fields": {
    "name": "Can view code file",
    "content_type": [
      "hw",
      "codefile"
    ],
    "codename": "view_codefile"
  }
},
{
  "model": "accounts.customuser",
  "fields": {
    "password": "pbkdf2_sha256$1000000$mIsO4lNlpLd2PAHd8G9ncX$m6t2n/5AsCv93LwrDqu1eLnEZ3HfFGrWssVVqndqq90=",
    "last_login": "2026-03-06T10:31:27.661Z",
    "is_superuser": true,
    "username": "administrator",
    "last_name": "",
    "email": "admin@glop.com",
    "is_staff": true,
    "is_active": true,
    "date_joined": "2026-02-25T11:58:39Z",
    "first_name": "Petr",
    "surname": "Pavel",
    "tel": "+420212345678",
    "groups": [],
    "user_permissions": []
  }
},
{
  "model": "accounts.customuser",
  "fields": {
    "password": "pbkdf2_sha256$1000000$z83G2N4kiKLgSNWXZU9trF$GMAvOKlIS1K+H0Q70kJsamj24uF2JCow5hMEtWIUWNQ=",
    "last_login": "2026-03-09T07:36:17.767Z",
    "is_superuser": false,
    "username": "student1",
    "last_name": "",
    "email": "zbve@mail.com",
    "is_staff": false,
    "is_active": true,
    "date_joined": "2026-02-25T12:01:15Z",
    "first_name": "Zbyněk",
    "surname": "Věřil",
    "tel": "+420212345678",
    "groups": [],
    "user_permissions": []
  }
},
{
  "model": "accounts.customuser",
  "fields": {
    "password": "pbkdf2_sha256$1000000$IYxLgLgZI5VtCIb2hsU0EF$TBZI4oVhOHKkNuDmVQPtJc3nghdpA8muYOZ/ZmNVEGY=",
    "last_login": "2026-03-09T07:36:46.188Z",
    "is_superuser": false,
    "username": "student2",
    "last_name": "",
    "email": "vlpl@mail.com",
    "is_staff": false,
    "is_active": true,
    "date_joined": "2026-02-25T12:06:49Z",
    "first_name": "Vlastimil",
    "surname": "Plamínek",
    "tel": "+420212345673",
    "groups": [],
    "user_permissions": []
  }
},
{
  "model": "accounts.customuser",
  "fields": {
    "password": "pbkdf2_sha256$1000000$RqcCbMwYQRWjjq0wVHqFln$XsIRtg2SxDXZ5Xvj/7qViSxPWKPbEWubBKYyYhI32oI=",
    "last_login": "2026-03-05T13:36:36.223Z",
    "is_superuser": false,
    "username": "teacher",
    "last_name": "",
    "email": "koze@mail.com",
    "is_staff": false,
    "is_active": true,
    "date_joined": "2026-02-25T12:07:54.638Z",
    "first_name": "Kopřimil",
    "surname": "Zelený",
    "tel": "+420212345634",
    "groups": [],
    "user_permissions": []
  }
},
{
  "model": "accounts.customuser",
  "fields": {
    "password": "pbkdf2_sha256$1000000$st8ajSCer8poyjI0LhKMsc$WqR3M0zUhYYk3RBnHw4Nnf+jGMDjJe/WfTvv5QJvOHM=",
    "last_login": "2026-03-09T07:34:42.868Z",
    "is_superuser": false,
    "username": "student3",
    "last_name": "",
    "email": "rugu@mail.com",
    "is_staff": false,
    "is_active": true,
    "date_joined": "2026-02-26T14:02:25.003Z",
    "first_name": "Ruslanidze",
    "surname": "Gulievshili",
    "tel": "+420212345678",
    "groups": [],
    "user_permissions": []
  }
},
{
  "model": "accounts.subjecttype",
  "pk": 1,
  "fields": {
    "user": [
      "student1"
    ],
    "subject": 1,
    "role": "student"
  }
},
{
  "model": "accounts.subjecttype",
  "pk": 2,
  "fields": {
    "user": [
      "administrator"
    ],
    "subject": 1,
    "role": "teacher"
  }
},
{
  "model": "accounts.subjecttype",
  "pk": 3,
  "fields": {
    "user": [
      "administrator"
    ],
    "subject": 2,
    "role": "teacher"
  }
},
{
  "model": "accounts.subjecttype",
  "pk": 4,
  "fields": {
    "user": [
      "administrator"
    ],
    "subject": 3,
    "role": "student"
  }
},
{
  "model": "accounts.subjecttype",
  "pk": 5,
  "fields": {
    "user": [
      "student1"
    ],
    "subject": 2,
    "role": "student"
  }
},
{
  "model": "accounts.subjecttype",
  "pk": 6,
  "fields": {
    "user": [
      "student2"
    ],
    "subject": 1,
    "role": "student"
  }
},
{
  "model": "accounts.subjecttype",
  "pk": 7,
  "fields": {
    "user": [
      "student2"
    ],
    "subject": 3,
    "role": "student"
  }
},
{
  "model": "accounts.subjecttype",
  "pk": 8,
  "fields": {
    "user": [
      "teacher"
    ],
    "subject": 3,
    "role": "teacher"
  }
},
{
  "model": "accounts.subjecttype",
  "pk": 9,
  "fields": {
    "user": [
      "teacher"
    ],
    "subject": 2,
    "role": "teacher"
  }
},
{
  "model": "accounts.subjecttype",
  "pk": 10,
  "fields": {
    "user": [
      "student3"
    ],
    "subject": 1,
    "role": "student"
  }
},
{
  "model": "hw.homeworkstudentcomment",
  "pk": 21,
  "fields": {
    "hw": 5,
    "reviewer": [
      "student1"
    ],
    "comment": "yooooooooooooo",
    "submitter": "2026-03-09T07:36:24.725Z"
  }
},
{
  "model": "hw.homeworkstudentcomment",
  "pk": 22,
  "fields": {
    "hw": 6,
    "reviewer": [
      "student1"
    ],
    "comment": "",
    "submitter": null
  }
},
{
  "model": "hw.homeworkstudentcomment",
  "pk": 23,
  "fields": {
    "hw": 6,
    "reviewer": [
      "student2"
    ],
    "comment": "no nic moc",
    "submitter": null
  }
},
{
  "model": "hw.homeworkstudentcomment",
  "pk": 24,
  "fields": {
    "hw": 1,
    "reviewer": [
      "student2"
    ],
    "comment": "",
    "submitter": null
  }
},
{
  "model": "hw.homeworkstudentcomment",
  "pk": 25,
  "fields": {
    "hw": 1,
    "reviewer": [
      "student3"
    ],
    "comment": "",
    "submitter": null
  }
},
{
  "model": "hw.homeworkstudentcomment",
  "pk": 26,
  "fields": {
    "hw": 5,
    "reviewer": [
      "student3"
    ],
    "comment": "",
    "submitter": null
  }
},
{
  "model": "hw.key",
  "pk": 1,
  "fields": {
    "student": [
      "student1"
    ],
    "assignment": 1
  }
},
{
  "model": "hw.key",
  "pk": 3,
  "fields": {
    "student": [
      "student1"
    ],
    "assignment": 3
  }
},
{
  "model": "hw.key",
  "pk": 4,
  "fields": {
    "student": [
      "administrator"
    ],
    "assignment": 5
  }
},
{
  "model": "hw.key",
  "pk": 5,
  "fields": {
    "student": [
      "student2"
    ],
    "assignment": 5
  }
},
{
  "model": "hw.key",
  "pk": 7,
  "fields": {
    "student": [
      "student2"
    ],
    "assignment": 1
  }
},
{
  "model": "hw.key",
  "pk": 8,
  "fields": {
    "student": [
      "student3"
    ],
    "assignment": 1
  }
},
{
  "model": "hw.key",
  "pk": 9,
  "fields": {
    "student": [
      "student1"
    ],
    "assignment": 7
  }
},
{
  "model": "hw.key",
  "pk": 10,
  "fields": {
    "student": [
      "student2"
    ],
    "assignment": 7
  }
},
{
  "model": "hw.assignment",
  "pk": 1,
  "fields": {
    "title": "Zadání 1",
    "subject": 1,
    "teacher": [
      "administrator"
    ],
    "description": "napiš ahoj",
    "max_score": 10,
    "release": "2026-01-26T12:09:00Z",
    "deadline": "2026-02-25T12:46:34Z",
    "files": []
  }
},
{
  "model": "hw.assignment",
  "pk": 3,
  "fields": {
    "title": "Zadání 3",
    "subject": 2,
    "teacher": [
      "teacher"
    ],
    "description": "napiš mňau",
    "max_score": 1,
    "release": "2026-02-25T12:11:40Z",
    "deadline": "2026-02-25T12:11:44Z",
    "files": []
  }
},
{
  "model": "hw.assignment",
  "pk": 5,
  "fields": {
    "title": "Zadání 5",
    "subject": 3,
    "teacher": [
      "teacher"
    ],
    "description": "******\r\n## markdown yes",
    "max_score": 3,
    "release": "2025-12-08T12:22:52Z",
    "deadline": "2026-06-18T11:10:35Z",
    "files": []
  }
},
{
  "model": "hw.assignment",
  "pk": 6,
  "fields": {
    "title": "n",
    "subject": 1,
    "teacher": [
      "administrator"
    ],
    "description": "nj",
    "max_score": 2,
    "release": "2026-03-17T15:35:00Z",
    "deadline": "2026-03-20T15:35:00Z",
    "files": []
  }
},
{
  "model": "hw.assignment",
  "pk": 7,
  "fields": {
    "title": "Epické zadání",
    "subject": 1,
    "teacher": [
      "administrator"
    ],
    "description": "* * *\r\n\r\n***\r\n\r\n*****\r\n\r\n- - -\r\n\r\n---------------------------------------\r\n\r\nThis is [an example](http://example.com/ \"Title\") inline link.\r\n\r\n[This link](http://example.net/) has no title attribute.\r\n\r\n*single asterisks*\r\n\r\n_single underscores_\r\n\r\n**double asterisks**\r\n\r\n__double underscores__\r\n``There is a literal backtick (`) here.``",
    "max_score": 1,
    "release": "2026-03-02T09:14:00Z",
    "deadline": "2026-09-26T08:18:00Z",
    "files": []
  }
},
{
  "model": "hw.assignment",
  "pk": 8,
  "fields": {
    "title": "hm",
    "subject": 1,
    "teacher": [
      "administrator"
    ],
    "description": "## hihi",
    "max_score": 1,
    "release": "2026-03-05T10:22:00Z",
    "deadline": "2026-04-05T09:22:00Z",
    "files": []
  }
},
{
  "model": "hw.assignment",
  "pk": 9,
  "fields": {
    "title": "f",
    "subject": 2,
    "teacher": [
      "administrator"
    ],
    "description": "idk",
    "max_score": 1,
    "release": "2026-02-24T11:02:00Z",
    "deadline": "2026-03-20T11:02:00Z",
    "files": []
  }
},
{
  "model": "hw.assignment",
  "pk": 13,
  "fields": {
    "title": "souborky",
    "subject": 1,
    "teacher": [
      "administrator"
    ],
    "description": "juhu\r\n_a_\r\n**bold**",
    "max_score": 1,
    "release": "2026-03-04T13:14:00Z",
    "deadline": "2026-03-29T12:14:00Z",
    "files": []
  }
},
{
  "model": "hw.assignment",
  "pk": 14,
  "fields": {
    "title": "něco",
    "subject": 1,
    "teacher": [
      "administrator"
    ],
    "description": "## ha",
    "max_score": 1,
    "release": "2026-02-23T13:20:00Z",
    "deadline": "2026-03-21T13:20:00Z",
    "files": []
  }
},
{
  "model": "admin.logentry",
  "pk": 1,
  "fields": {
    "action_time": "2026-03-05T09:15:51.722Z",
    "user": [
      "administrator"
    ],
    "content_type": [
      "hw",
      "assignment"
    ],
    "object_id": "7",
    "object_repr": "Epické zadání",
    "action_flag": 2,
    "change_message": "[{\"changed\": {\"fields\": [\"Description\"]}}]"
  }
},
{
  "model": "admin.logentry",
  "pk": 2,
  "fields": {
    "action_time": "2026-03-05T09:18:39.370Z",
    "user": [
      "administrator"
    ],
    "content_type": [
      "hw",
      "assignment"
    ],
    "object_id": "7",
    "object_repr": "Epické zadání",
    "action_flag": 2,
    "change_message": "[{\"changed\": {\"fields\": [\"Description\"]}}]"
  }
},
{
  "model": "admin.logentry",
  "pk": 3,
  "fields": {
    "action_time": "2026-03-05T09:19:37.001Z",
    "user": [
      "administrator"
    ],
    "content_type": [
      "hw",
      "assignment"
    ],
    "object_id": "7",
    "object_repr": "Epické zadání",
    "action_flag": 2,
    "change_message": "[{\"changed\": {\"fields\": [\"Description\"]}}]"
  }
},
{
  "model": "admin.logentry",
  "pk": 4,
  "fields": {
    "action_time": "2026-03-05T09:22:33.643Z",
    "user": [
      "administrator"
    ],
    "content_type": [
      "hw",
      "assignment"
    ],
    "object_id": "7",
    "object_repr": "Epické zadání",
    "action_flag": 2,
    "change_message": "[{\"changed\": {\"fields\": [\"Description\"]}}]"
  }
},
{
  "model": "admin.logentry",
  "pk": 5,
  "fields": {
    "action_time": "2026-03-05T09:24:02.441Z",
    "user": [
      "administrator"
    ],
    "content_type": [
      "accounts",
      "customuser"
    ],
    "object_id": "1",
    "object_repr": "Petr Pavel",
    "action_flag": 2,
    "change_message": "[{\"changed\": {\"fields\": [\"First name\", \"Surname\", \"Tel\"]}}]"
  }
},
{
  "model": "admin.logentry",
  "pk": 6,
  "fields": {
    "action_time": "2026-03-05T12:21:06.048Z",
    "user": [
      "administrator"
    ],
    "content_type": [
      "hw",
      "codefile"
    ],
    "object_id": "1",
    "object_repr": "USU_prednasky_komplet.txt",
    "action_flag": 3,
    "change_message": ""
  }
},
{
  "model": "admin.logentry",
  "pk": 7,
  "fields": {
    "action_time": "2026-03-05T13:08:48.572Z",
    "user": [
      "administrator"
    ],
    "content_type": [
      "hw",
      "codefile"
    ],
    "object_id": "2",
    "object_repr": "USU_prednasky_komplet.txt",
    "action_flag": 3,
    "change_message": ""
  }
},
{
  "model": "admin.logentry",
  "pk": 8,
  "fields": {
    "action_time": "2026-03-05T13:09:17.227Z",
    "user": [
      "administrator"
    ],
    "content_type": [
      "hw",
      "codefile"
    ],
    "object_id": "3",
    "object_repr": "USU_prednasky_komplet.txt",
    "action_flag": 1,
    "change_message": "[{\"added\": {}}]"
  }
},
{
  "model": "admin.logentry",
  "pk": 9,
  "fields": {
    "action_time": "2026-03-05T13:09:20.294Z",
    "user": [
      "administrator"
    ],
    "content_type": [
      "hw",
      "assignment"
    ],
    "object_id": "12",
    "object_repr": "Soubory thingy",
    "action_flag": 2,
    "change_message": "[{\"changed\": {\"fields\": [\"Files\"]}}]"
  }
},
{
  "model": "admin.logentry",
  "pk": 10,
  "fields": {
    "action_time": "2026-03-05T13:12:47.515Z",
    "user": [
      "administrator"
    ],
    "content_type": [
      "hw",
      "codefile"
    ],
    "object_id": "3",
    "object_repr": "USU_prednasky_komplet.txt",
    "action_flag": 3,
    "change_message": ""
  }
},
{
  "model": "admin.logentry",
  "pk": 11,
  "fields": {
    "action_time": "2026-03-05T13:20:11.720Z",
    "user": [
      "administrator"
    ],
    "content_type": [
      "hw",
      "codefile"
    ],
    "object_id": "4",
    "object_repr": "USU_prednasky_komplet_6jh8OtN.txt",
    "action_flag": 3,
    "change_message": ""
  }
},
{
  "model": "admin.logentry",
  "pk": 12,
  "fields": {
    "action_time": "2026-03-05T13:21:13.164Z",
    "user": [
      "administrator"
    ],
    "content_type": [
      "hw",
      "codefile"
    ],
    "object_id": "7",
    "object_repr": "destroyer.png",
    "action_flag": 3,
    "change_message": ""
  }
},
{
  "model": "admin.logentry",
  "pk": 13,
  "fields": {
    "action_time": "2026-03-05T13:21:13.164Z",
    "user": [
      "administrator"
    ],
    "content_type": [
      "hw",
      "codefile"
    ],
    "object_id": "6",
    "object_repr": "moon-oop_planet.ipynb",
    "action_flag": 3,
    "change_message": ""
  }
},
{
  "model": "admin.logentry",
  "pk": 14,
  "fields": {
    "action_time": "2026-03-05T13:21:13.164Z",
    "user": [
      "administrator"
    ],
    "content_type": [
      "hw",
      "codefile"
    ],
    "object_id": "5",
    "object_repr": "USU_prednasky_komplet.txt",
    "action_flag": 3,
    "change_message": ""
  }
},
{
  "model": "admin.logentry",
  "pk": 15,
  "fields": {
    "action_time": "2026-03-06T12:53:58.870Z",
    "user": [
      "administrator"
    ],
    "content_type": [
      "hw",
      "assignment"
    ],
    "object_id": "5",
    "object_repr": "Zadání 5",
    "action_flag": 2,
    "change_message": "[{\"changed\": {\"fields\": [\"Description\"]}}]"
  }
}
]
